{"tau": 0.3691076825768277, "offset": 2.3433743300865992, "amplitude": 14.003492502361471, "mu": 0.30749354573472526, "sigma": 0.12436391916867723, "frequency": 13.814957528333178, "phase": 1.4342991751282985}