{"tau": 0.8644666043929279, "offset": 1.2015462285644913, "amplitude": 13.185797642204248, "mu": 0.42916944807001584, "sigma": 0.14812179640399736, "frequency": 21.401604452644797, "phase": 0.20014071277410972}