{"tau": 0.8689772144575401, "offset": 7.697877334505813, "amplitude": 4.159611335844293, "mu": 0.39670151618376764, "sigma": 0.12061781574789184, "frequency": 20.896597424666275, "phase": 0.6222692768434505}