{"tau": 0.31622052379612936, "offset": 1.0859054690182157, "amplitude": 12.05500068148582, "mu": 0.54317922674651, "sigma": 0.05781948313935447, "frequency": 57.19476026743191, "phase": 5.981579364528052}