{"tau": 0.8467854137379357, "offset": 7.473715076425387, "amplitude": 19.051339905571382, "mu": 0.4393380994583458, "sigma": 0.06272446336062976, "frequency": 51.84578523630791, "phase": 5.931449431573963}