{"tau": 0.36701227923183183, "offset": 8.843853584632972, "amplitude": 8.816962610538859, "mu": 0.4005708001587937, "sigma": 0.11375507093292601, "frequency": 30.939644198300517, "phase": 0.42578391753207606}