{"tau": 0.3629039827412339, "offset": 10.561402365959795, "amplitude": 15.131527704642226, "mu": 0.4609364091094552, "sigma": 0.06848904050410352, "frequency": 25.208905083056358, "phase": 4.725043855147942}