{"tau": 0.30350042668655874, "offset": 12.231617432170179, "amplitude": 17.807164170991108, "mu": 0.5203407840744542, "sigma": 0.08495147189920911, "frequency": 23.252125603674717, "phase": 1.537970818487281}