{"tau": 0.9650633009658777, "offset": 17.405432509144074, "amplitude": 3.4852159443145516, "mu": 0.5991356902868776, "sigma": 0.06788706348492124, "frequency": 10.985874009320046, "phase": 3.1929473722889443}