{"tau": 0.5633495389401838, "offset": 9.825473752073577, "amplitude": 2.6794833098158186, "mu": 0.41576556764039596, "sigma": 0.07016654710445797, "frequency": 27.437356339947794, "phase": 2.9244904529881564}