{"tau": 0.9510703139464592, "offset": 1.1636055547888657, "amplitude": 4.556336218895319, "mu": 0.681730456345348, "sigma": 0.093770437992982, "frequency": 33.79473097180752, "phase": 2.6187395907070217}