{"tau": 0.5482992039739948, "offset": 1.4872874998839758, "amplitude": 7.257588942072718, "mu": 0.5980402238538935, "sigma": 0.09129053857211726, "frequency": 40.705859503154684, "phase": 0.8497219811146186}