{"tau": 0.34764400525133965, "offset": 6.052248689313529, "amplitude": 12.734300946186611, "mu": 0.6970723846016869, "sigma": 0.1036192821473489, "frequency": 13.745880932480983, "phase": 3.140891584069455}