{"tau": 0.30957281354656957, "offset": 7.828965756238075, "amplitude": 7.4326252013157905, "mu": 0.47410180088260423, "sigma": 0.07831221768725062, "frequency": 24.627672529381947, "phase": 4.228257851845391}