{"tau": 0.5316557467247125, "offset": 13.724243555401364, "amplitude": 7.428987259340223, "mu": 0.42303529719664046, "sigma": 0.09756220777589479, "frequency": 43.01882818383775, "phase": 5.23626891324663}