{"tau": 0.5854082736145497, "offset": 2.142031723065672, "amplitude": 4.215310588448281, "mu": 0.6392038990916196, "sigma": 0.10369447701310196, "frequency": 10.286607528425247, "phase": 3.7768504758082884}