{"tau": 0.5159518560852875, "offset": 3.9939116359783657, "amplitude": 5.48811909867862, "mu": 0.45746205138909324, "sigma": 0.06573345135332735, "frequency": 13.009863076208852, "phase": 5.514550912166863}