{"tau": 0.9144455034839137, "offset": 28.72020614137146, "amplitude": 6.728238895025967, "mu": 0.3198736496644186, "sigma": 0.06479271772115494, "frequency": 11.25906493553414, "phase": 5.436278547466864}