{"tau": 0.8490083407992465, "offset": 4.147277548137883, "amplitude": 9.191717922445273, "mu": 0.36903726854230473, "sigma": 0.055630345692255126, "frequency": 10.9059477605192, "phase": 5.814100834603347}