{"tau": 0.5296896957810845, "offset": 15.111612305324083, "amplitude": 4.320355396628619, "mu": 0.37134830378356676, "sigma": 0.08099231552519492, "frequency": 16.391061578538068, "phase": 5.367917134733949}