{"tau": 0.44279990554403564, "offset": 24.786594779332173, "amplitude": 4.959693170538632, "mu": 0.40419468731089725, "sigma": 0.13269414600502655, "frequency": 21.355438017613753, "phase": 1.5146581165478927}