{"tau": 0.9365689107680374, "offset": 10.031691075560143, "amplitude": 6.289800697998378, "mu": 0.468297382211971, "sigma": 0.056094432145426726, "frequency": 10.076146643899067, "phase": 2.066823210946233}