{"tau": 0.4766847874522265, "offset": 1.4384679559592128, "amplitude": 5.728573652958588, "mu": 0.47143256448983817, "sigma": 0.11640904691993992, "frequency": 57.10942403967159, "phase": 1.8193824831814387}