{"tau": 0.5273786141887, "offset": 2.790661414913636, "amplitude": 2.3672108241751033, "mu": 0.394647752505157, "sigma": 0.12436161567861229, "frequency": 18.16688300303056, "phase": 3.6405619155016655}