{"tau": 0.5697447215513176, "offset": 32.45710523159102, "amplitude": 10.45216020174671, "mu": 0.612372496796803, "sigma": 0.08279739450572177, "frequency": 54.84923692877858, "phase": 0.372715103791445}