{"tau": 0.39618396273314516, "offset": 11.747953725249204, "amplitude": 3.2741770521733597, "mu": 0.4407244034049517, "sigma": 0.10520679552864293, "frequency": 25.420249920680963, "phase": 5.126270669519038}