{"tau": 0.7793776070664001, "offset": 15.448333058173635, "amplitude": 4.5150877182073, "mu": 0.5934129118505582, "sigma": 0.14455467757930301, "frequency": 44.65233014158312, "phase": 4.067157674640248}