{"tau": 0.31768315927239255, "offset": 8.707345124808334, "amplitude": 16.89922353343382, "mu": 0.5266427405332911, "sigma": 0.08279780125715772, "frequency": 29.553897162994257, "phase": 2.386550508053054}