{"tau": 0.609586601700831, "offset": 6.080311967880019, "amplitude": 3.3951432615804937, "mu": 0.49635772414077867, "sigma": 0.11552279818421662, "frequency": 36.252511894274136, "phase": 4.171291133261111}