{"tau": 0.3697260316735175, "offset": 18.91208631790559, "amplitude": 8.40370473578863, "mu": 0.5154532678865305, "sigma": 0.11324051076655217, "frequency": 18.077347121772373, "phase": 4.561202625178273}