{"tau": 0.7844311157533828, "offset": 3.67686496819811, "amplitude": 3.476360497189901, "mu": 0.5482155514838483, "sigma": 0.13472394141986074, "frequency": 61.05751079161798, "phase": 0.782775731224119}