{"tau": 0.8424163970085237, "offset": 18.45862310168463, "amplitude": 3.082955799582432, "mu": 0.31291658977400383, "sigma": 0.07004464465558288, "frequency": 44.97289384710176, "phase": 6.042151708467356}