{"tau": 0.5124019566916159, "offset": 7.600326634789672, "amplitude": 9.16479262938359, "mu": 0.4922687174422871, "sigma": 0.12860295742751368, "frequency": 11.869999183307842, "phase": 3.176880469019778}