{"tau": 0.8551040956728223, "offset": 3.6435015701404008, "amplitude": 3.2424768641685096, "mu": 0.5383558048471376, "sigma": 0.06759610964258839, "frequency": 14.451494283421003, "phase": 5.43480127399256}