{"tau": 0.39640202354930915, "offset": 8.002251370351408, "amplitude": 2.5268880640605955, "mu": 0.6806395631786322, "sigma": 0.06490768551571095, "frequency": 25.44477348738349, "phase": 1.6208546148880338}