{"tau": 0.7273355202883998, "offset": 11.639669898090514, "amplitude": 7.756476025947684, "mu": 0.6131716341635138, "sigma": 0.05475604323048407, "frequency": 19.390459131136154, "phase": 0.46656112973805147}