{"tau": 0.8106011099136743, "offset": 6.736034773519763, "amplitude": 9.835038702950982, "mu": 0.372926079667873, "sigma": 0.09397559208832802, "frequency": 16.195454740627632, "phase": 4.644009813709825}