{"tau": 0.5966314587257692, "offset": 2.685785999904867, "amplitude": 16.33488407203942, "mu": 0.5131815765936634, "sigma": 0.06805983761624017, "frequency": 10.297096235766006, "phase": 3.1938282917277894}