{"tau": 0.5040814397148609, "offset": 9.49251563925413, "amplitude": 17.790434029246544, "mu": 0.4059391998996489, "sigma": 0.1061165653134522, "frequency": 14.1513843633859, "phase": 3.463322963383797}