{"tau": 0.5570808134546128, "offset": 21.63290909023616, "amplitude": 12.931574467598276, "mu": 0.6632275332675592, "sigma": 0.1034257138628339, "frequency": 54.623134229235205, "phase": 5.345837294996527}