{"tau": 0.5538656114762553, "offset": 16.110781190524307, "amplitude": 9.740982980029099, "mu": 0.4191346216774539, "sigma": 0.07191783469237971, "frequency": 13.721047636581957, "phase": 2.8004936475883304}