{"tau": 0.3496885915378599, "offset": 14.437602373255721, "amplitude": 12.25586708040483, "mu": 0.39407491347355045, "sigma": 0.055467853852919004, "frequency": 27.432950315667924, "phase": 4.097054208007558}