{"tau": 0.4939915059926329, "offset": 1.7419829763197745, "amplitude": 18.606914674874965, "mu": 0.4043726548024371, "sigma": 0.11111162506867758, "frequency": 11.244905052582814, "phase": 0.4100014038506729}