{"tau": 0.4723172292486142, "offset": 4.163148393069172, "amplitude": 14.983327375119693, "mu": 0.5391407223828825, "sigma": 0.12047181158347356, "frequency": 48.59682547127986, "phase": 0.1333613249871306}