{"tau": 0.3778188061452253, "offset": 36.20423854835862, "amplitude": 13.56570344088418, "mu": 0.6589151281336372, "sigma": 0.09274991054505351, "frequency": 62.51783865158583, "phase": 5.142091122900901}