{"tau": 0.7962250335440789, "offset": 1.8125714545176304, "amplitude": 6.566636884370534, "mu": 0.559091041384123, "sigma": 0.05126223753258923, "frequency": 17.905185644082504, "phase": 1.6480907153541222}