{"tau": 0.47465325034726774, "offset": 4.719973316882947, "amplitude": 3.2425934198095745, "mu": 0.3900756268312558, "sigma": 0.13430646966882331, "frequency": 15.03726905753073, "phase": 4.317135503250098}