{"tau": 0.7802448627863242, "offset": 3.482145050221174, "amplitude": 5.118516060056105, "mu": 0.6916123539907897, "sigma": 0.06006372884385448, "frequency": 14.111716933818165, "phase": 2.2495148736344865}