{"tau": 0.5621102800504885, "offset": 10.425886566608833, "amplitude": 2.0349012133435744, "mu": 0.6553868281797005, "sigma": 0.12837653091039353, "frequency": 18.24613490252074, "phase": 1.1352624293183289}