{"tau": 0.7842917033789573, "offset": 10.982543170047201, "amplitude": 3.1243777613267087, "mu": 0.5804086948311988, "sigma": 0.14451392681345204, "frequency": 46.594729049995934, "phase": 0.16279538935243099}