{"tau": 0.42169954134502285, "offset": 1.7423324264973934, "amplitude": 3.4324421291476166, "mu": 0.6232155795478238, "sigma": 0.05991436338435638, "frequency": 40.24821465837742, "phase": 3.054524900395514}