{"tau": 0.6494302301827348, "offset": 44.057439560539606, "amplitude": 10.917728849092336, "mu": 0.6201540216077122, "sigma": 0.14966624548406113, "frequency": 17.649518158452885, "phase": 5.591798580309404}