{"tau": 0.39495559587997986, "offset": 4.87734639075644, "amplitude": 5.440413442171625, "mu": 0.3878421374854984, "sigma": 0.1150836227045331, "frequency": 17.583977579686056, "phase": 1.3157284276176044}