{"tau": 0.7652512798677611, "offset": 2.772869596088774, "amplitude": 17.049517431569534, "mu": 0.3185114432123315, "sigma": 0.10799672609978471, "frequency": 39.07878186062422, "phase": 4.51937992620465}