{"tau": 0.7536828561829719, "offset": 2.752313306248056, "amplitude": 3.6202980000392717, "mu": 0.5401275806125083, "sigma": 0.10820102689204172, "frequency": 25.991921111825924, "phase": 3.0744693713751943}