{"tau": 0.6171867717323708, "offset": 5.5724497863653655, "amplitude": 5.607876889199024, "mu": 0.6571152866831208, "sigma": 0.06607554282339582, "frequency": 15.85008884056123, "phase": 2.434296354913006}