{"tau": 0.33793753967844736, "offset": 2.7831590128989494, "amplitude": 5.0387245081685235, "mu": 0.5524640823617339, "sigma": 0.1419288783010942, "frequency": 44.96871893464434, "phase": 3.488163433753817}