{"tau": 0.7844064265020527, "offset": 2.6077105645730465, "amplitude": 6.454633939544452, "mu": 0.5572757277596466, "sigma": 0.1279587937764889, "frequency": 23.460769493412606, "phase": 1.3175257263025075}