{"tau": 0.8946739606259877, "offset": 1.1816720557011768, "amplitude": 13.235510554553233, "mu": 0.5170006405073818, "sigma": 0.05130793049510515, "frequency": 11.434945152537313, "phase": 5.730104089853846}