{"tau": 0.8162466085440382, "offset": 29.57344185676264, "amplitude": 3.2560176767966476, "mu": 0.4841744828101284, "sigma": 0.13044577586422487, "frequency": 12.388601786406257, "phase": 1.495379150680851}