{"tau": 0.4718087752835587, "offset": 7.940464002092365, "amplitude": 6.923291249836344, "mu": 0.5834142849495783, "sigma": 0.11619024343645386, "frequency": 19.251580159240106, "phase": 3.4951067356025147}