{"tau": 0.5340064297992941, "offset": 3.5528515345688145, "amplitude": 8.274214044951108, "mu": 0.6144163351369767, "sigma": 0.06589687133386025, "frequency": 30.77008458149571, "phase": 2.6441268091635153}