{"tau": 0.826937510282344, "offset": 28.123149125285984, "amplitude": 7.452969200207733, "mu": 0.6619501548152108, "sigma": 0.06013040956733841, "frequency": 16.30023544482972, "phase": 3.8913226287044833}