{"tau": 0.5903619132705942, "offset": 3.8525147027950237, "amplitude": 8.33601342250059, "mu": 0.5074849230503051, "sigma": 0.14468194286503772, "frequency": 42.2376866032906, "phase": 0.9490099530066196}