{"tau": 0.7749278207506979, "offset": 1.3499368199046917, "amplitude": 5.131482773326818, "mu": 0.6120360735605581, "sigma": 0.0755007893648667, "frequency": 44.46080460938546, "phase": 3.6934821228422288}