{"tau": 0.4559023887145763, "offset": 3.098256685678519, "amplitude": 12.798045516600963, "mu": 0.6546134234871133, "sigma": 0.11134056960376358, "frequency": 37.4977467225489, "phase": 2.3345436195723646}