{"tau": 0.7592230977759401, "offset": 2.977202826056147, "amplitude": 16.778763234906215, "mu": 0.6204742144039461, "sigma": 0.08833427456567086, "frequency": 17.425620714169337, "phase": 1.3522672582985948}