{"tau": 0.9271536871043682, "offset": 1.343617926526888, "amplitude": 3.060794016614827, "mu": 0.4347232621913823, "sigma": 0.09569568352911662, "frequency": 37.41199880980679, "phase": 2.1926549359666745}