{"tau": 0.4587752767612383, "offset": 3.533336892991555, "amplitude": 3.4283022583715774, "mu": 0.6674276051615434, "sigma": 0.11741424873604987, "frequency": 41.86205928686165, "phase": 6.282527489505481}