{"tau": 0.38608230616290795, "offset": 10.10193097973331, "amplitude": 2.41579650483532, "mu": 0.5540948226181424, "sigma": 0.07937375962008522, "frequency": 62.249095924795725, "phase": 4.190926338768927}