{"tau": 0.9397165018182481, "offset": 46.1466658951252, "amplitude": 10.895476286504062, "mu": 0.5054285862932442, "sigma": 0.09477402888118885, "frequency": 43.94976100893096, "phase": 6.024807857380187}