{"tau": 0.849367551355341, "offset": 33.36186882794958, "amplitude": 13.008390252835923, "mu": 0.6911410458419629, "sigma": 0.10822760478169091, "frequency": 32.65547841018624, "phase": 5.027504599102754}