{"tau": 0.6817271412173759, "offset": 1.7353139568498368, "amplitude": 19.947306504243404, "mu": 0.5074789000456759, "sigma": 0.11062689279516076, "frequency": 49.941118969582654, "phase": 1.135227317029968}