{"tau": 0.9843208003960485, "offset": 28.585432492219187, "amplitude": 5.392790632252848, "mu": 0.5120846265749813, "sigma": 0.07261002487729956, "frequency": 13.205480561066615, "phase": 3.5591629310054156}