{"tau": 0.6940850301590934, "offset": 47.39740469736879, "amplitude": 7.103321791700125, "mu": 0.5816945794006678, "sigma": 0.06874677286432737, "frequency": 21.77716145398602, "phase": 4.3317492930975705}