{"tau": 0.7990525120800845, "offset": 4.949146170864481, "amplitude": 3.075587696749756, "mu": 0.5517098580695912, "sigma": 0.10641716590103201, "frequency": 54.95935250570127, "phase": 0.5508686636790658}