{"tau": 0.33717761538669994, "offset": 26.162273693618374, "amplitude": 9.709751008882675, "mu": 0.468378222679696, "sigma": 0.07408757259069258, "frequency": 46.14099034653662, "phase": 1.680508576690923}