{"tau": 0.8390273267745493, "offset": 2.8736117400807344, "amplitude": 14.90300531399065, "mu": 0.5916565004151708, "sigma": 0.14655561628107985, "frequency": 10.953038656683908, "phase": 0.9292116274241952}