{"tau": 0.7364641137504874, "offset": 10.70411951294886, "amplitude": 11.192158757239355, "mu": 0.40063831098340985, "sigma": 0.0545241589788219, "frequency": 52.984573229397824, "phase": 4.45567421686135}