{"tau": 0.3287294772692037, "offset": 15.3932664772943, "amplitude": 9.015148381187133, "mu": 0.6926216562473133, "sigma": 0.08690599995553464, "frequency": 53.56242601503019, "phase": 1.3862910886973465}