{"tau": 0.5582072825864124, "offset": 3.5998584894013512, "amplitude": 3.1942340199919976, "mu": 0.3337376619443582, "sigma": 0.0979569912733844, "frequency": 13.531702651994399, "phase": 1.910909720548242}