{"tau": 0.926290138900872, "offset": 16.575041500555404, "amplitude": 3.1234557545155655, "mu": 0.5923461521743056, "sigma": 0.06732424859633912, "frequency": 29.26734970033625, "phase": 2.0600999628954217}