{"tau": 0.66316303694191, "offset": 12.215380677394442, "amplitude": 5.732504805156766, "mu": 0.37074719182294147, "sigma": 0.08383501883784263, "frequency": 23.288996550571056, "phase": 5.562155804494269}