{"tau": 0.47435897748696304, "offset": 3.5993573785378206, "amplitude": 14.861981475716574, "mu": 0.6296843456076877, "sigma": 0.08017482118316382, "frequency": 32.784538217565014, "phase": 4.256807413422304}