{"tau": 0.45422898661336397, "offset": 2.8839219679279027, "amplitude": 7.310489320922746, "mu": 0.3328619308513811, "sigma": 0.06434621176347337, "frequency": 43.91655993666344, "phase": 2.2028318408038214}