{"tau": 0.4547318478716518, "offset": 32.60063794868558, "amplitude": 2.7495711346551213, "mu": 0.49720402092908156, "sigma": 0.09646876561081288, "frequency": 12.705198566507029, "phase": 5.0478119588047}