{"tau": 0.3835552190933942, "offset": 1.9316354117103953, "amplitude": 15.024423382910909, "mu": 0.5489997560377655, "sigma": 0.10467274443083621, "frequency": 30.792721807162803, "phase": 3.088277148597569}