{"tau": 0.558520356583723, "offset": 29.97885491361207, "amplitude": 16.438143581164624, "mu": 0.36703228353544687, "sigma": 0.1130330803949738, "frequency": 11.546440137064003, "phase": 6.072934456375073}