{"tau": 0.6018419465227562, "offset": 1.6357602683318784, "amplitude": 2.4436217618107543, "mu": 0.3812211526491553, "sigma": 0.12440312936240752, "frequency": 59.63957898896611, "phase": 4.743468210762021}