{"tau": 0.34054165801779623, "offset": 15.271112404441729, "amplitude": 17.713006420764493, "mu": 0.5243779746193361, "sigma": 0.09470110228820408, "frequency": 12.747439140836935, "phase": 3.816137256147823}