{"tau": 0.745562158371898, "offset": 4.489798791288251, "amplitude": 13.255719551709108, "mu": 0.5000626083188987, "sigma": 0.07075431454841308, "frequency": 55.32731439263317, "phase": 3.865600882788154}