{"tau": 0.3096392878227123, "offset": 2.2818971386808946, "amplitude": 19.774446370586, "mu": 0.4123048445003098, "sigma": 0.06121758255176864, "frequency": 20.494714974397358, "phase": 4.904488970453384}