{"tau": 0.7298932859707762, "offset": 6.40200067810193, "amplitude": 3.595669387370355, "mu": 0.4130445783327444, "sigma": 0.09943970214952302, "frequency": 28.66350425094211, "phase": 3.528605658086841}