{"tau": 0.3964038260628483, "offset": 1.9092337230640906, "amplitude": 12.995043142647743, "mu": 0.4613088246642837, "sigma": 0.13251041801497285, "frequency": 50.696933467152064, "phase": 5.656028814260482}