{"tau": 0.6667506106489748, "offset": 1.067947283845652, "amplitude": 6.603963995690164, "mu": 0.4282109819800947, "sigma": 0.09261835095724473, "frequency": 13.894772127283266, "phase": 2.080070965314594}