{"tau": 0.7358382230215944, "offset": 8.305891719774413, "amplitude": 8.51504673762224, "mu": 0.4302270201454909, "sigma": 0.10908389358623816, "frequency": 50.396247543393685, "phase": 4.369163932780682}