{"tau": 0.887707214635777, "offset": 12.50725393750953, "amplitude": 3.86409547331977, "mu": 0.4834604940608554, "sigma": 0.06392851457050412, "frequency": 24.466217957234846, "phase": 5.396979110171933}