{"tau": 0.3334340346530985, "offset": 8.527385251963372, "amplitude": 5.347118877077506, "mu": 0.5916523024407114, "sigma": 0.12808850878138117, "frequency": 16.127669374524174, "phase": 0.7067690012167039}