{"tau": 0.5335145636781319, "offset": 2.7562561936633023, "amplitude": 9.550359923815261, "mu": 0.4356159712451385, "sigma": 0.06159457563705978, "frequency": 18.39535131507834, "phase": 3.890937171607772}