{"tau": 0.7632724495392179, "offset": 6.780014662860545, "amplitude": 10.76427251651621, "mu": 0.5499887656711322, "sigma": 0.06621576169094444, "frequency": 13.471194891295967, "phase": 1.7134938887609854}