{"mean:a0": 7.735887522558187, "mean:a1": -1.6829629475056436, "mean:a2": -26.954142614282546, "mean:a3": 17.851505336155924, "mean:a4": 65.93119784156329, "kernel:log_a": -0.6770534240710768, "kernel:log_c": 2.7418497072640644, "kernel:log_f": 3.4074013969496786, "kernel:log_b": -10.0}