{"mean:a0": 6.3030286023935105, "mean:a1": 1.577709400405638, "mean:a2": -15.085620525111608, "mean:a3": -3.4024993525040372, "mean:a4": 18.359150184616738, "kernel:log_a": 0.178862538040919, "kernel:log_c": 2.701782646544192, "kernel:log_f": 3.3168862686400544, "kernel:log_b": -10.0}