{"mean:a0": 6.131335910937423, "mean:a1": 0.03962127074782984, "mean:a2": -12.213630463707545, "mean:a3": -0.056593843392988674, "mean:a4": 1.859585397979913, "kernel:log_a": -0.40534102318163256, "kernel:log_c": 2.6713049006949223, "kernel:log_f": 3.465371187329543, "kernel:log_b": -10.0}