{"mean:a0": 5.802567689177067, "mean:a1": -1.333673275566639, "mean:a2": -27.25515088387101, "mean:a3": 13.673545133201742, "mean:a4": 70.90778464036111, "kernel:log_a": 0.9059667395874982, "kernel:log_c": 0.3186103534566449, "kernel:log_f": 3.089590233079994, "kernel:log_b": -10.0}