{"mean:a0": 4.666007110742271, "mean:a1": -5.246862223708376, "mean:a2": 9.509497309012886, "mean:a3": 11.490231093826537, "mean:a4": -63.96640700406522, "kernel:log_a": 0.5045046354759677, "kernel:log_c": 1.9257151437219786, "kernel:log_f": 3.136214764844749, "kernel:log_b": -10.0}