{"mean:a0": 5.083576790977645, "mean:a1": -1.4487414062127755, "mean:a2": 6.55694316000347, "mean:a3": -8.3596756587948, "mean:a4": -68.88133970149283, "kernel:log_a": 0.36419578801790564, "kernel:log_c": 2.680241616864544, "kernel:log_f": 3.250471752957517, "kernel:log_b": -10.0}