{"mean:a0": 7.243223895785832, "mean:a1": 4.1521992049345045, "mean:a2": -37.5963677952783, "mean:a3": -5.721022685540106, "mean:a4": 111.31470263321535, "kernel:log_a": 0.21572949425004762, "kernel:log_c": 1.92047333686899, "kernel:log_f": 2.985114709529876, "kernel:log_b": -10.0}