{"mean:a0": 7.266080543011412, "mean:a1": 13.677319617301237, "mean:a2": -7.801087612272681, "mean:a3": -37.85123455940345, "mean:a4": 12.969128123416795, "kernel:log_a": -0.5799339317768606, "kernel:log_c": 2.2496929417476927, "kernel:log_f": 2.908595155405192, "kernel:log_b": -10.0}