{"mean:a0": 6.376423093051244, "mean:a1": 14.720403840480913, "mean:a2": -11.955171865411899, "mean:a3": -41.80566173748741, "mean:a4": 43.04631686271341, "kernel:log_a": -0.24111568664956895, "kernel:log_c": 1.8199305699081103, "kernel:log_f": 2.952925269139945, "kernel:log_b": -10.0}