{"mean:a0": 5.3842664376242055, "mean:a1": -7.662906856514951, "mean:a2": 8.509875935417881, "mean:a3": 26.198184456226272, "mean:a4": -82.39816901620702, "kernel:log_a": -0.06530161866730566, "kernel:log_c": 2.288135847001147, "kernel:log_f": 3.1299031631035605, "kernel:log_b": -10.0}