{"mean:a0": 6.685984513702806, "mean:a1": 2.2261093115731683, "mean:a2": -31.00297560733668, "mean:a3": -4.3252903733290395, "mean:a4": 61.41624198856039, "kernel:log_a": -0.34736713062460556, "kernel:log_c": 2.845720199901981, "kernel:log_f": 3.4097084462547516, "kernel:log_b": -10.0}