{"mean:a0": 7.583748147061101, "mean:a1": 13.611020596310027, "mean:a2": -5.799845744225081, "mean:a3": -42.97536186932268, "mean:a4": -20.816431985783083, "kernel:log_a": -0.17395056930125818, "kernel:log_c": 2.356864089333854, "kernel:log_f": 2.8766057932945177, "kernel:log_b": -10.0}