{"mean:a0": 5.600821863778378, "mean:a1": -5.804722599504657, "mean:a2": 2.28062485924022, "mean:a3": 13.109204918340765, "mean:a4": -54.179295226137924, "kernel:log_a": 0.059654548874187086, "kernel:log_c": 2.7752457400565724, "kernel:log_f": 3.2919650669147096, "kernel:log_b": -10.0}