{"mean:a0": 6.435832279769556, "mean:a1": -0.07424685136209064, "mean:a2": -26.425109161634396, "mean:a3": 12.059888183586963, "mean:a4": 55.5987083925902, "kernel:log_a": -0.49049512489994207, "kernel:log_c": 2.268482266124117, "kernel:log_f": 2.976594862534782, "kernel:log_b": -10.0}