{"mean:a0": 2.9968957836956633, "mean:a1": 0.3945020833768922, "mean:a2": -1.4372470501587031, "mean:a3": -2.3389717187206998, "mean:a4": -24.583638725493643, "kernel:log_a": -0.6078925509477138, "kernel:log_c": 2.8585399021366644, "kernel:log_f": 3.3643381857287413, "kernel:log_b": -10.0}