{"mean:a0": 6.82017645827159, "mean:a1": -2.258895015065832, "mean:a2": 0.7318556763744937, "mean:a3": -9.75920423864136, "mean:a4": -3.365508719917102, "kernel:log_a": -0.6446159747570874, "kernel:log_c": 2.178885645628526, "kernel:log_f": 3.1053850564494203, "kernel:log_b": -10.0}