{"mean:a0": 9.074230555223608, "mean:a1": 9.912464153370365, "mean:a2": -37.63983380880745, "mean:a3": -17.264369206814195, "mean:a4": 95.29894912447821, "kernel:log_a": 0.12514456384735162, "kernel:log_c": 2.4136630788838165, "kernel:log_f": 3.517849265218101, "kernel:log_b": -10.0}