{"mean:a0": 7.512403373210759, "mean:a1": 10.773695872902067, "mean:a2": -13.516794724228362, "mean:a3": -22.554251714204725, "mean:a4": 16.238247138107454, "kernel:log_a": 0.03918119702590683, "kernel:log_c": 2.711559686850091, "kernel:log_f": 3.5512386011261956, "kernel:log_b": -10.0}