{"mean:a0": 7.457778195280298, "mean:a1": -7.95732985492225, "mean:a2": 0.973712250633298, "mean:a3": 11.87391236268627, "mean:a4": -13.860068903084652, "kernel:log_a": -0.48522960317600194, "kernel:log_c": 2.2031648198398965, "kernel:log_f": 3.150102511619863, "kernel:log_b": -10.0}