{"mean:a0": 6.3184362987447, "mean:a1": -5.149387269137151, "mean:a2": -11.355373296957964, "mean:a3": 11.63582212401161, "mean:a4": 45.07997023865869, "kernel:log_a": -0.3283723371090028, "kernel:log_c": 2.406547601848196, "kernel:log_f": 3.502998832803406, "kernel:log_b": -10.0}