{"mean:a0": 5.160050876558785, "mean:a1": 2.9185632193939455, "mean:a2": -40.004506679070346, "mean:a3": -19.189974660273492, "mean:a4": 145.39801578392576, "kernel:log_a": 0.9660243640909316, "kernel:log_c": 1.9237226417736277, "kernel:log_f": 3.3867171350429524, "kernel:log_b": -10.0}