{"mean:a0": 4.748408344320751, "mean:a1": 3.118622829088281, "mean:a2": -11.687572342857948, "mean:a3": -14.798992267258654, "mean:a4": 24.10419288889716, "kernel:log_a": -0.9970891422371251, "kernel:log_c": 2.342613657640163, "kernel:log_f": 2.873115039133123, "kernel:log_b": -10.0}