{"mean:a0": 8.161519782018445, "mean:a1": 0.8554144398402741, "mean:a2": -33.10129730469578, "mean:a3": 4.803065458105948, "mean:a4": 79.39357387758787, "kernel:log_a": -0.24489611177505566, "kernel:log_c": 2.4723848305867655, "kernel:log_f": 3.447011123090426, "kernel:log_b": -10.0}