{"mean:a0": 4.723786533053385, "mean:a1": 1.768757103939265, "mean:a2": -14.721082961046704, "mean:a3": -14.56334155078116, "mean:a4": 40.58072233008261, "kernel:log_a": -1.1482482030162044, "kernel:log_c": 1.992297394639035, "kernel:log_f": 2.853365094037038, "kernel:log_b": -10.0}