{"mean:a0": 5.949534711224146, "mean:a1": 2.197951848900857, "mean:a2": -22.882053896131424, "mean:a3": 11.56688691289753, "mean:a4": 59.86373939840678, "kernel:log_a": -0.48223064764288903, "kernel:log_c": 2.38505553098846, "kernel:log_f": 3.0780253988497783, "kernel:log_b": -10.0}