{"mean:a0": 7.813703035689741, "mean:a1": -0.38885655289288934, "mean:a2": -32.12394406691271, "mean:a3": 9.88063170920816, "mean:a4": 74.1857769268479, "kernel:log_a": -0.48879132236249667, "kernel:log_c": 2.832600953546466, "kernel:log_f": 3.390226809334629, "kernel:log_b": -10.0}