{"mean:a0": 7.584837512913737, "mean:a1": 11.571410417361449, "mean:a2": -14.632369850231726, "mean:a3": -23.741121186236114, "mean:a4": 23.455979187979324, "kernel:log_a": -0.8144779648715863, "kernel:log_c": 2.181150878216304, "kernel:log_f": 2.757859928370848, "kernel:log_b": -10.0}