{"mean:a0": 7.393690458468882, "mean:a1": -10.052882152048937, "mean:a2": 2.1912814625803776, "mean:a3": 28.2365738788817, "mean:a4": -10.088262585336793, "kernel:log_a": -0.06685249278996785, "kernel:log_c": 2.113656208355339, "kernel:log_f": 3.2423435079404883, "kernel:log_b": -10.0}