{"mean:a0": 3.68736291194341, "mean:a1": -9.284371243586179, "mean:a2": 30.6298942447047, "mean:a3": 34.29327554737256, "mean:a4": -78.61324673998297, "kernel:log_a": -1.13129127213144, "kernel:log_c": 2.0125421959668586, "kernel:log_f": 3.1032349012209046, "kernel:log_b": -10.0}