{"mean:a0": 3.3866360234724198, "mean:a1": 0.2740207231390741, "mean:a2": -9.408209160719593, "mean:a3": 7.15008994856214, "mean:a4": -21.54598715082011, "kernel:log_a": 0.9585400983560675, "kernel:log_c": 1.3493960981602955, "kernel:log_f": 2.3815819531895546, "kernel:log_b": -10.0}