{"mean:a0": 4.7015197651513745, "mean:a1": 4.35564482879829, "mean:a2": -8.351264710395412, "mean:a3": -20.495887591334508, "mean:a4": 16.75310832305547, "kernel:log_a": -0.8994151745201764, "kernel:log_c": 2.0048738035452143, "kernel:log_f": 2.8566219104613393, "kernel:log_b": -10.0}