{"mean:a0": 4.3881700290052095, "mean:a1": -8.042946573683821, "mean:a2": 6.527082464135219, "mean:a3": 31.316945077430546, "mean:a4": 12.271740657505916, "kernel:log_a": -0.3138138974223281, "kernel:log_c": 2.0644850703239186, "kernel:log_f": 3.170926249751072, "kernel:log_b": -10.0}