{"mean:a0": 2.9211543505638247, "mean:a1": -4.2929785931470406, "mean:a2": -15.302470912387662, "mean:a3": 17.94044451447394, "mean:a4": 69.03746493903964, "kernel:log_a": 1.0380112693481047, "kernel:log_c": 0.8698666897582896, "kernel:log_f": 2.3673424443934414, "kernel:log_b": -10.0}