{"mean:a0": 7.6481318801486395, "mean:a1": -10.474382447772769, "mean:a2": -6.688685245752708, "mean:a3": 22.42368831899455, "mean:a4": 18.417871884553392, "kernel:log_a": -0.7172357012413428, "kernel:log_c": 2.4706226369655315, "kernel:log_f": 3.1066715209230615, "kernel:log_b": -10.0}