{"mean:a0": 6.461481497495015, "mean:a1": -6.378729828381779, "mean:a2": -21.335001860859848, "mean:a3": 15.085727069543964, "mean:a4": 78.65016694573887, "kernel:log_a": -0.7209114469554914, "kernel:log_c": 2.9529846065236356, "kernel:log_f": 3.4575693255507938, "kernel:log_b": -10.0}