{"mean:a0": 7.353729335872117, "mean:a1": 14.107148534757698, "mean:a2": -19.635444405859175, "mean:a3": -34.73108686287242, "mean:a4": 41.76009376393495, "kernel:log_a": -0.46081128077052824, "kernel:log_c": 1.7340694893205928, "kernel:log_f": 2.5099917747740226, "kernel:log_b": -10.0}