{"mean:a0": 7.730702578845353, "mean:a1": 12.409005002397294, "mean:a2": -17.539661815901127, "mean:a3": -35.47251398823221, "mean:a4": 21.231129964442516, "kernel:log_a": 0.4761588342055436, "kernel:log_c": 1.7007011083524342, "kernel:log_f": 3.1203877152225354, "kernel:log_b": -10.0}