{"mean:a0": 5.518119460978369, "mean:a1": 1.5064500984423148, "mean:a2": -2.267734501687869, "mean:a3": -8.320330904056846, "mean:a4": -6.953063163533102, "kernel:log_a": -1.3352674959503146, "kernel:log_c": 2.1023926052178172, "kernel:log_f": 2.776165500855149}