{"mean:a0": 7.311018898829957, "mean:a1": -9.562715158164451, "mean:a2": -2.9952764932248783, "mean:a3": 28.86682433887927, "mean:a4": 5.23315342551075, "kernel:log_a": -0.16460637339432616, "kernel:log_c": 2.46640589671291, "kernel:log_f": 3.008645937106463, "kernel:log_b": -10.0}