{"mean:a0": 3.166303547196094, "mean:a1": 1.730395110833797, "mean:a2": -5.014024774600102, "mean:a3": -7.968624789032674, "mean:a4": -4.012676279622951, "kernel:log_a": -1.1856255952589483, "kernel:log_c": 2.7387185113914523, "kernel:log_f": 3.35289802565127, "kernel:log_b": -10.0}