{"mean:a0": 2.0260837716054994, "mean:a1": -0.23953723682473083, "mean:a2": -7.997276384093652, "mean:a3": -5.616801125621237, "mean:a4": 18.1447062464988, "kernel:log_a": 0.09359105111107624, "kernel:log_c": 2.1536858957221217, "kernel:log_f": 2.7038443397321554, "kernel:log_b": -10.0}