{"mean:a0": 5.985487448320896, "mean:a1": 2.2524859842338856, "mean:a2": -10.397241051888159, "mean:a3": 1.024473651028984, "mean:a4": -4.23192768966851, "kernel:log_a": 0.2312059862375353, "kernel:log_c": 2.3476251845395506, "kernel:log_f": 2.922793125197342, "kernel:log_b": -10.0}