{"mean:a0": 4.673830915300755, "mean:a1": 2.1104335583308966, "mean:a2": -10.15442641122047, "mean:a3": -12.168335089273569, "mean:a4": -2.586980626647346, "kernel:log_a": -0.21774294436956332, "kernel:log_c": 1.987386420126719, "kernel:log_f": 3.433566642587607, "kernel:log_b": -10.0}