{"mean:a0": 6.507328539884497, "mean:a1": -3.7673175394334066, "mean:a2": 5.916250187038031, "mean:a3": 11.30903177003745, "mean:a4": -31.165587071252276, "kernel:log_a": 0.8103349152803316, "kernel:log_c": 0.766986334020002, "kernel:log_f": 3.1563110468687827, "kernel:log_b": -10.0}