{"mean:a0": 4.1757858822782055, "mean:a1": 0.5557283130464157, "mean:a2": -20.816619118875224, "mean:a3": -1.3120381323652737, "mean:a4": 52.84551836826245, "kernel:log_a": 0.16320032413115282, "kernel:log_c": 1.3059641264551791, "kernel:log_f": 3.3386296250582492, "kernel:log_b": -10.0}