{"mean:a0": 7.4911149583449514, "mean:a1": -6.555607587637269, "mean:a2": -30.288335686867413, "mean:a3": 14.58640638697716, "mean:a4": 105.57964278200234, "kernel:log_a": -0.6798231308366267, "kernel:log_c": 2.9290130671330967, "kernel:log_f": 3.528259726543326, "kernel:log_b": -10.0}