{"mean:a0": 7.311900209747932, "mean:a1": -15.076830843150447, "mean:a2": 3.34967251777573, "mean:a3": 43.7882601588301, "mean:a4": -14.853269017374146, "kernel:log_a": -0.10661134459541177, "kernel:log_c": 1.8702423335474991, "kernel:log_f": 3.07431338854889, "kernel:log_b": -10.0}