{"mean:a0": 5.324042677686862, "mean:a1": 2.7488805620821495, "mean:a2": -15.884259944298492, "mean:a3": -13.76878412014048, "mean:a4": 49.15987595104434, "kernel:log_a": -0.16993891242154113, "kernel:log_c": 2.381321057951288, "kernel:log_f": 3.301691049071442, "kernel:log_b": -10.0}