{"mean:a0": 7.216936145199725, "mean:a1": 0.5507116234675777, "mean:a2": -27.6598677048853, "mean:a3": 2.4294489093261973, "mean:a4": 44.110401450070185, "kernel:log_a": -0.01844597291811212, "kernel:log_c": 1.941577487760017, "kernel:log_f": 3.1013309765449435, "kernel:log_b": -10.0}