{"mean:a0": 4.149879615364512, "mean:a1": 2.0434552752601576, "mean:a2": -2.7856277045538036, "mean:a3": -16.912508517605374, "mean:a4": 1.1465638143830574, "kernel:log_a": -0.8231627145758411, "kernel:log_c": 1.3277286560103256, "kernel:log_f": 2.8529734852671655, "kernel:log_b": -10.0}