{"mean:a0": 7.353254020991926, "mean:a1": -6.896895872714367, "mean:a2": 6.365131654880088, "mean:a3": 12.783563960993433, "mean:a4": -32.15382247845355, "kernel:log_a": 0.09903908009052564, "kernel:log_c": 2.2755510320350307, "kernel:log_f": 3.101622341302947, "kernel:log_b": -10.0}