{"mean:a0": 7.072682168020037, "mean:a1": -5.739176807976605, "mean:a2": -0.27597484669422556, "mean:a3": 3.44328123777359, "mean:a4": -4.280955393390059, "kernel:log_a": 0.082541414535239, "kernel:log_c": 2.1876026782779956, "kernel:log_f": 3.069680733445959, "kernel:log_b": -10.0}