{"mean:a0": 6.165276198229776, "mean:a1": 6.993869627153458, "mean:a2": -17.7177383241567, "mean:a3": -15.830902155993385, "mean:a4": 27.938744037449624, "kernel:log_a": -0.719611882224438, "kernel:log_c": 2.2882966344751985, "kernel:log_f": 3.0640872316677488, "kernel:log_b": -10.0}