{"mean:a0": 6.132632300500632, "mean:a1": 2.278654259101586, "mean:a2": -25.38871759249082, "mean:a3": -3.8318967410560845, "mean:a4": 66.53997315928586, "kernel:log_a": -0.9583498317272863, "kernel:log_c": 2.3707488000316115, "kernel:log_f": 2.9977591488097572, "kernel:log_b": -10.0}