{"mean:a0": 5.055196681426537, "mean:a1": 0.691359485015937, "mean:a2": -8.787219749134465, "mean:a3": -4.045570484893233, "mean:a4": 10.76452428763423, "kernel:log_a": -1.2319403449742143, "kernel:log_c": 1.9893585977788453, "kernel:log_f": 2.8212685596597833, "kernel:log_b": -10.0}