{"mean:a0": 7.766945184505062, "mean:a1": 13.328999742726182, "mean:a2": -12.99577736075878, "mean:a3": -40.14656440414035, "mean:a4": 0.12614854878688675, "kernel:log_a": -0.7817370274230075, "kernel:log_c": 2.6568342252995585, "kernel:log_f": 3.4232061101895774, "kernel:log_b": -10.0}