{"mean:a0": 5.565115768560986, "mean:a1": 2.845911764771472, "mean:a2": -3.0759798725237033, "mean:a3": -14.130990965000592, "mean:a4": 1.1029369336800983, "kernel:log_a": -1.8863160724158896, "kernel:log_c": 2.0817203628234484, "kernel:log_f": 2.7053517906386584}