{"mean:a0": 4.214963644967725, "mean:a1": 0.3525577465288734, "mean:a2": 7.971295234750642, "mean:a3": -1.9308627264200595, "mean:a4": -66.2447943255994, "kernel:log_a": -0.003837003271131678, "kernel:log_c": 2.525177717514982, "kernel:log_f": 3.3608909464741314, "kernel:log_b": -10.0}