{"mean:a0": 6.066125424263305, "mean:a1": 2.507113052558452, "mean:a2": -18.84840783582581, "mean:a3": 1.128825830111623, "mean:a4": 44.99067093204758, "kernel:log_a": -0.6742885649338612, "kernel:log_c": 2.0927193279440637, "kernel:log_f": 3.035655941783721, "kernel:log_b": -10.0}