{"mean:a0": 4.874842426505211, "mean:a1": -6.305411374516325, "mean:a2": 5.508693492271846, "mean:a3": 15.31829588701089, "mean:a4": -50.048982042974785, "kernel:log_a": -0.9068791100440565, "kernel:log_c": 2.476080761533142, "kernel:log_f": 3.184002809768682, "kernel:log_b": -10.0}