{"mean:a0": 7.902312406317378, "mean:a1": 14.301596321690567, "mean:a2": -32.210171267786336, "mean:a3": -36.61583233173485, "mean:a4": 106.51244992470197, "kernel:log_a": -0.7675206359928382, "kernel:log_c": 2.077965901285239, "kernel:log_f": 2.7717586856456693, "kernel:log_b": -10.0}