{"mean:a0": 5.060015712554673, "mean:a1": 1.8884100582987458, "mean:a2": -26.403667060753378, "mean:a3": -8.665238320354433, "mean:a4": 92.30261009894298, "kernel:log_a": -0.6252603487234172, "kernel:log_c": 2.5072492437243206, "kernel:log_f": 3.284335776686869, "kernel:log_b": -10.0}