{"mean:a0": 7.417061337157406, "mean:a1": -6.240098363960442, "mean:a2": 6.597010101172032, "mean:a3": 3.128664887831519, "mean:a4": -30.021994566056378, "kernel:log_a": -0.22245571670510422, "kernel:log_c": 2.2697099157263843, "kernel:log_f": 3.0138451588692083, "kernel:log_b": -10.0}