{"mean:a0": 2.689980437313693, "mean:a1": 2.3261376852778994, "mean:a2": -5.253475175692074, "mean:a3": -0.8170993413954193, "mean:a4": 2.7233412822229184, "kernel:log_a": 0.4701354834730136, "kernel:log_c": 1.6899343808254166, "kernel:log_f": 2.325866893575173, "kernel:log_b": -10.0}