{"mean:a0": 6.547396337191344, "mean:a1": -1.8069068338593297, "mean:a2": -18.590664566622763, "mean:a3": 23.574943930510017, "mean:a4": 10.340751775993908, "kernel:log_a": -0.18542265012166848, "kernel:log_c": 2.7303996095032463, "kernel:log_f": 3.4270760643753486, "kernel:log_b": -10.0}