{"mean:a0": 6.935405375562823, "mean:a1": 9.326597677834911, "mean:a2": -16.865394779251233, "mean:a3": -18.268017813333017, "mean:a4": 66.81551483688304, "kernel:log_a": 0.45187165751506075, "kernel:log_c": 1.0569043497213153, "kernel:log_f": 2.9196231404840804, "kernel:log_b": -10.0}