{"mean:a0": 7.754809332074046, "mean:a1": 14.999954867518568, "mean:a2": -20.950901058308773, "mean:a3": -42.12384640324092, "mean:a4": 51.445870329038826, "kernel:log_a": 0.22596629988410122, "kernel:log_c": 1.4793026176778499, "kernel:log_f": 2.7867891260939723, "kernel:log_b": -10.0}