{"mean:a0": 7.194398981681388, "mean:a1": -5.52610500966739, "mean:a2": -17.68800387695751, "mean:a3": 11.746991101328831, "mean:a4": 41.25580404973471, "kernel:log_a": -0.7797189224545429, "kernel:log_c": 2.396587238909415, "kernel:log_f": 3.342454866014939, "kernel:log_b": -10.0}