{"mean:a0": 8.907090679120643, "mean:a1": 1.2135313315822032, "mean:a2": -42.019510163924906, "mean:a3": 4.767971645247144, "mean:a4": 112.79448000626167, "kernel:log_a": -1.268133219404068, "kernel:log_c": 2.767830673782889, "kernel:log_f": 3.6097539967555017, "kernel:log_b": -10.0}