{"mean:a0": 7.15364423897347, "mean:a1": 15.764183497878776, "mean:a2": -11.9099115114617, "mean:a3": -43.00544093649739, "mean:a4": 27.767621182892526, "kernel:log_a": -0.45220881767408283, "kernel:log_c": 1.8897694075986236, "kernel:log_f": 2.454725046641692, "kernel:log_b": -10.0}