{"mean:a0": 7.768206944040571, "mean:a1": 12.666520387644823, "mean:a2": -11.86210637831914, "mean:a3": -38.33098508505998, "mean:a4": 5.407647192383365, "kernel:log_a": -0.8432509001014319, "kernel:log_c": 1.8575687134110241, "kernel:log_f": 2.775641848151611, "kernel:log_b": -10.0}