{"mean:a0": 7.981695664270433, "mean:a1": 13.697730166071437, "mean:a2": -20.492967956309258, "mean:a3": -33.8359820445213, "mean:a4": 43.921471843213794, "kernel:log_a": -0.31603573721871214, "kernel:log_c": 3.03153162568438, "kernel:log_f": 3.6634176222824886, "kernel:log_b": -10.0}