{"mean:a0": 7.594371086457613, "mean:a1": 13.298979891246177, "mean:a2": -16.099085745425782, "mean:a3": -34.5714669796173, "mean:a4": 50.78342768789321, "kernel:log_a": 0.26981054191371534, "kernel:log_c": 1.7839066552962661, "kernel:log_f": 2.521230844993211, "kernel:log_b": -10.0}