{"mean:a0": 7.160047154670906, "mean:a1": -11.452689671923167, "mean:a2": 1.2169984176904336, "mean:a3": 27.952265129841862, "mean:a4": -0.14888176920908336, "kernel:log_a": -0.5306666075463449, "kernel:log_c": 2.6743920783252886, "kernel:log_f": 3.2065787674043125, "kernel:log_b": -10.0}