{"mean:a0": 8.9338568646549, "mean:a1": 1.3626213539301943, "mean:a2": -40.12744574831868, "mean:a3": 2.258373822450608, "mean:a4": 103.36551205738647, "kernel:log_a": -1.4745669991747103, "kernel:log_c": 0.7646811366480515, "kernel:log_f": 3.615770707666705, "kernel:log_b": -10.0}