{"mean:a0": 8.932785375636286, "mean:a1": -0.1624160012926268, "mean:a2": -33.39274862554237, "mean:a3": 13.56312273171659, "mean:a4": 50.806467483208735, "kernel:log_a": -1.1260159994065146, "kernel:log_c": 2.2392472416481617, "kernel:log_f": 3.5398275082758115, "kernel:log_b": -10.0}