{"mean:a0": 8.050309237867168, "mean:a1": 7.0263677069555115, "mean:a2": -35.94551866882978, "mean:a3": -19.789116182877137, "mean:a4": 122.39409579732455, "kernel:log_a": -0.07620777056935246, "kernel:log_c": 1.8796770729788, "kernel:log_f": 2.888490907784656, "kernel:log_b": -10.0}