{"mean:a0": 5.608647715963571, "mean:a1": -8.218959414139135, "mean:a2": -13.599688561202697, "mean:a3": 25.410446507777124, "mean:a4": 33.341391561099954, "kernel:log_a": -0.23228750857167046, "kernel:log_c": 2.7374921155875356, "kernel:log_f": 3.336649790289422, "kernel:log_b": -10.0}