{"mean:a0": 8.116521527177042, "mean:a1": 12.533692544331757, "mean:a2": -23.44037520508789, "mean:a3": -34.230211970216715, "mean:a4": 75.1179773484264, "kernel:log_a": -0.32606085916608585, "kernel:log_c": 2.407757401040845, "kernel:log_f": 3.4360340078448983, "kernel:log_b": -10.0}