{"mean:a0": 3.604265457424617, "mean:a1": 1.64587096517414, "mean:a2": -25.50841150973747, "mean:a3": -10.257233810393586, "mean:a4": 80.96152542978348, "kernel:log_a": 0.08174894988497972, "kernel:log_c": 2.035073781185977, "kernel:log_f": 2.5527600231023593, "kernel:log_b": -10.0}