{"mean:a0": 8.880266651752663, "mean:a1": 1.8572875689251305, "mean:a2": -42.383652175863176, "mean:a3": 3.849592948711006, "mean:a4": 92.21533247910543, "kernel:log_a": -0.26136345464902355, "kernel:log_c": 2.2589473258278314, "kernel:log_f": 3.387007119380982, "kernel:log_b": -10.0}