{"mean:a0": 2.162216263355276, "mean:a1": 3.592767624229964, "mean:a2": -10.432033682149608, "mean:a3": -12.664250929669947, "mean:a4": 36.816066923856624, "kernel:log_a": 0.6014504158384684, "kernel:log_c": 1.0418746010786668, "kernel:log_f": 2.388173712740341, "kernel:log_b": -10.0}