{"mean:a0": 3.6974797860663102, "mean:a1": -0.05247340855294169, "mean:a2": -17.944864237253228, "mean:a3": 0.312511521873148, "mean:a4": 52.47418574379276, "kernel:log_a": 0.02069312412438773, "kernel:log_c": 1.879568069837001, "kernel:log_f": 2.4027477398121806, "kernel:log_b": -10.0}