{"mean:a0": 8.39600154995287, "mean:a1": 9.966412955471014, "mean:a2": -35.643731047666165, "mean:a3": -14.53789382580419, "mean:a4": 108.82520474091302, "kernel:log_a": 0.2702375232165295, "kernel:log_c": 1.5041923255695764, "kernel:log_f": 2.747599624598692, "kernel:log_b": -10.0}