{"mean:a0": 5.4903319748316335, "mean:a1": -6.077106603998573, "mean:a2": 7.378167966268734, "mean:a3": 15.20506790047807, "mean:a4": -60.29723530606532, "kernel:log_a": 0.16394195341456008, "kernel:log_c": 2.653190894433969, "kernel:log_f": 3.221115760938585, "kernel:log_b": -10.0}