{"mean:a0": 7.209986347249469, "mean:a1": -7.472291227164874, "mean:a2": 2.863228635061205, "mean:a3": 17.6394982383581, "mean:a4": -20.41441774846942, "kernel:log_a": -0.8319621719799484, "kernel:log_c": 2.489750534119686, "kernel:log_f": 3.176493899412563, "kernel:log_b": -10.0}