{"mean:a0": 7.122096275704166, "mean:a1": -3.7227458589972002, "mean:a2": 10.024164665891817, "mean:a3": -3.527269838622715, "mean:a4": -57.66383694199658, "kernel:log_a": 0.2220851522403713, "kernel:log_c": 1.5071537984270513, "kernel:log_f": 3.0732375708317594, "kernel:log_b": -10.0}