{"mean:a0": 8.228972802295743, "mean:a1": 12.00024930530708, "mean:a2": -30.769833767226714, "mean:a3": -31.923671973991986, "mean:a4": 103.48893958969234, "kernel:log_a": 0.2737714548341934, "kernel:log_c": 2.5272967263591593, "kernel:log_f": 3.3952615703990494, "kernel:log_b": -10.0}