{"mean:a0": 4.082166591597797, "mean:a1": 1.7854450688004135, "mean:a2": -7.272177590486763, "mean:a3": -11.216223070378192, "mean:a4": 11.491700077489668, "kernel:log_a": -1.0272261687936184, "kernel:log_c": 1.820520197140243, "kernel:log_f": 2.846052164138748, "kernel:log_b": -10.0}