{"mean:a0": 4.571598302795678, "mean:a1": -8.882589252478056, "mean:a2": 19.53070657100261, "mean:a3": 36.73161218034261, "mean:a4": -50.91565127206309, "kernel:log_a": -0.04340098337077514, "kernel:log_c": 1.7308773925103802, "kernel:log_f": 3.0898407793267926, "kernel:log_b": -10.0}