{"mean:a0": 5.002138301296327, "mean:a1": 1.9136870317566945, "mean:a2": -16.026305007155656, "mean:a3": -16.624624075301995, "mean:a4": 51.39478178698255, "kernel:log_a": 0.18826013255444707, "kernel:log_c": 2.474413669507122, "kernel:log_f": 3.2520428915673953, "kernel:log_b": -10.0}