{"mean:a0": 8.395920470427313, "mean:a1": 0.7872879049289168, "mean:a2": -35.41105556258731, "mean:a3": 2.418152682927712, "mean:a4": 98.29716135234503, "kernel:log_a": 0.025559500411010738, "kernel:log_c": 2.838658226365613, "kernel:log_f": 3.376166442373291, "kernel:log_b": -10.0}