{"mean:a0": 6.2672027701515844, "mean:a1": -1.010899122156161, "mean:a2": -18.787890729383548, "mean:a3": 6.454130100718999, "mean:a4": 27.15373709999335, "kernel:log_a": -0.7326096781762201, "kernel:log_c": 2.8069343232511663, "kernel:log_f": 3.4598580665652596, "kernel:log_b": -10.0}