{"mean:a0": 4.377080133528125, "mean:a1": 0.8759537222266545, "mean:a2": -7.594912058827958, "mean:a3": -1.7858207794482723, "mean:a4": -0.1346199847527032, "kernel:log_a": -0.9621517077781752, "kernel:log_c": 2.332496313985084, "kernel:log_f": 2.980389997248036, "kernel:log_b": -10.0}