{"mean:a0": 5.248340419494525, "mean:a1": 0.6001114239604703, "mean:a2": -32.06451439073328, "mean:a3": -0.24536526954773308, "mean:a4": 110.4672479346957, "kernel:log_a": -0.5934114255459857, "kernel:log_c": 2.477434101223089, "kernel:log_f": 3.312791571798238, "kernel:log_b": -10.0}