{"mean:a0": 4.854364442975452, "mean:a1": -7.584088240586766, "mean:a2": 18.64269378554036, "mean:a3": 23.565584026439524, "mean:a4": -62.54337582371272, "kernel:log_a": -0.7911859228936837, "kernel:log_c": 2.3950208268563973, "kernel:log_f": 3.0547848447039923, "kernel:log_b": -10.0}