{"mean:a0": 9.501568958110852, "mean:a1": 3.212040785273871, "mean:a2": -42.15744252960974, "mean:a3": -6.652047146023278, "mean:a4": 90.95378064840679, "kernel:log_a": -0.10720609339887233, "kernel:log_c": 1.178594027990453, "kernel:log_f": 3.5645066806252435, "kernel:log_b": -10.0}