{"mean:a0": 6.403300558383421, "mean:a1": -9.833421739359665, "mean:a2": -10.204522976419526, "mean:a3": 39.12281969428864, "mean:a4": -10.993178139933093, "kernel:log_a": 0.2746375811351607, "kernel:log_c": 2.7134193951970307, "kernel:log_f": 3.354280140683307, "kernel:log_b": -10.0}