{"mean:a0": 4.719260050741923, "mean:a1": -6.762910737962102, "mean:a2": 24.238936766637153, "mean:a3": 23.42076525392804, "mean:a4": -122.99921590899669, "kernel:log_a": 0.2254964425629158, "kernel:log_c": 2.6022001913269275, "kernel:log_f": 3.2417322363625445, "kernel:log_b": -10.0}