{"mean:a0": 7.173007860436655, "mean:a1": 11.144598823557885, "mean:a2": -19.373471814208074, "mean:a3": -33.543115151208326, "mean:a4": 56.11545265946097, "kernel:log_a": -0.236231491763073, "kernel:log_c": 2.0607704773615456, "kernel:log_f": 2.7250270346722685, "kernel:log_b": -10.0}